roc_auc,accuracy,precision,recall,n_train_pos,n_train_neg
0.902661591656907,0.8376865671641791,0.8498168498168498,0.8345323741007195,1109,1032
